CE_chart,CE_OI,CE_Chng_OI,CE_Volume,CE_IV,CE_LTP,CE_Chng,CE_BidQty,CE_Bid,CE_Ask,CE_AskQty,Strike,PE_BidQty,PE_Bid,PE_Ask,PE_AskQty,PE_Chng,PE_LTP,PE_IV,PE_Volume,PE_Chng_OI,PE_OI,PE_chart
,13,-,1,154.36,"2,895.10",130.10,65,"2,804.00","2,888.75",195,"23,100.00","12,62,430",0.05,0.10,"6,60,530",-1.60,0.10,66.45,"2,51,469","-33,715","67,368",
,2,-,-,-,-,-,780,"2,746.30","2,845.50",780,"23,150.00","15,730",0.10,0.15,"35,685",-1.70,0.10,65.29,"39,128","-3,456","4,033",
,3,-,-,-,-,-,455,"2,693.10","2,796.95",130,"23,200.00","1,91,100",0.10,0.15,"3,40,730",-1.90,0.10,67.63,"86,672",246,"29,328",
,1,-,-,-,-,-,130,"2,511.10","2,746.40",130,"23,250.00","61,100",0.10,0.15,"31,395",-1.90,0.10,66.42,"20,952","-1,112","2,352",
,7,-1,3,123.16,"2,659.35",112.35,65,"2,589.00","2,661.25",130,"23,300.00","2,72,935",0.10,0.15,"1,21,485",-2.00,0.10,63.74,"65,822","-5,757","18,878",
,4,-,-,-,-,-,65,"2,530.65","2,647.85",130,"23,350.00","53,885",0.10,0.15,"46,020",-2.00,0.10,62.56,"18,662",428,"2,395",
,7,-,-,-,-,-,65,"2,490.60","2,597.05",130,"23,400.00","7,50,620",0.10,0.15,"1,53,205",-2.10,0.10,62.79,"73,401","-2,477","17,623",
,3,-,-,-,-,-,65,"2,453.15","2,546.30",130,"23,450.00","1,20,055",0.05,0.10,"17,420",-2.15,0.05,60.19,"35,176",170,"2,703",
,181,-26,186,83.36,"2,450.00",91.25,65,"2,448.60","2,457.80",195,"23,500.00","12,63,145",0.05,0.10,"3,14,990",-2.10,0.05,57.21,"1,34,082","-28,459","26,391",
,3,-,-,-,-,-,65,"2,349.90","2,422.40",65,"23,550.00","36,530",0.10,0.15,"42,380",-2.15,0.10,57.83,"29,072",-884,"2,872",
,6,-,-,-,-,-,65,"2,299.60","2,386.05",845,"23,600.00","1,65,750",0.05,0.10,"65,845",-2.40,0.05,54.91,"36,736","-1,362","4,908",
,2,-,-,-,-,-,65,"2,237.30","2,325.75",65,"23,650.00","29,055",0.10,0.15,"39,325",-2.25,0.10,53.76,"26,884",-772,"2,397",
,7,-,-,-,-,-,130,"2,189.60","2,285.35",845,"23,700.00","91,715",0.05,0.10,"1,30,520",-2.45,0.05,52.62,"54,029","-2,954","9,465",
,111,-19,130,100.35,"2,203.00",308.40,65,"2,190.55","2,207.75",65,"23,750.00","38,805",0.10,0.15,"14,365",-2.35,0.15,51.47,"24,392","-1,683","2,802",
,16,-,-,-,-,-,130,"2,103.60","2,172.00",65,"23,800.00","1,14,855",0.10,0.15,"27,755",-2.50,0.10,50.32,"75,525","-12,454","19,153",
,3,-,-,-,-,-,130,"2,050.30","2,133.40",845,"23,850.00","36,725",0.10,0.15,"19,695",-2.60,0.10,51.96,"39,985","-1,504","3,588",
,6,-,-,-,-,-,130,"1,999.00","2,098.60",130,"23,900.00","7,18,250",0.05,0.10,"2,34,975",-2.70,0.10,48.03,"68,832","-4,543","15,216",
,2,-,-,74.96,-,-,195,"1,937.90","2,024.20",65,"23,950.00","31,915",0.10,0.15,"57,070",-2.70,0.10,48.41,"69,044",529,"5,773",
,267,-120,271,-,"1,950.00",88.10,65,"1,950.20","1,955.80",65,"24,000.00","18,13,435",0.05,0.10,"6,99,725",-2.90,0.05,45.75,"4,98,878","-83,465","70,058",
,6,-,-,-,-,-,195,"1,840.70","1,943.55",845,"24,050.00","2,57,400",0.05,0.10,"47,190",-2.95,0.05,46.06,"61,622","-1,778","3,957",
,59,-,14,-,"1,820.85",65.85,195,"1,847.55","1,855.30",65,"24,100.00","2,99,325",0.10,0.15,"43,355",-3.00,0.10,45.96,"1,11,687","-13,662","15,668",
,3,-,1,87.27,"1,807.00",382.50,65,"1,797.00","1,807.80",65,"24,150.00","23,075",0.05,0.10,"64,740",-3.15,0.05,44.77,"74,273",313,"7,907",
,48,-,2,83.36,"1,754.10",96.50,65,"1,744.25","1,755.15",130,"24,200.00","5,42,165",0.05,0.10,"3,67,510",-3.30,0.05,42.53,"2,00,870","-27,665","22,502",
,53,-,-,-,-,-,130,"1,650.50","1,723.70",195,"24,250.00","76,960",0.10,0.15,"11,440",-3.20,0.10,40.04,"62,448","-4,776","5,718",
,382,-14,20,-,"1,610.10",44.70,195,"1,648.60","1,670.70",845,"24,300.00","4,73,330",0.05,0.10,"1,63,865",-3.40,0.05,40.19,"1,80,299","-29,044","11,621",
,69,-3,6,88.70,"1,625.00",115.00,195,"1,562.95","1,608.55",130,"24,350.00","65,260",0.10,0.15,"42,705",-3.40,0.10,39.01,"70,499","-2,439","6,421",
,530,-7,19,-,"1,518.65",53.55,65,"1,544.50","1,557.05",130,"24,400.00","11,46,665",0.05,0.10,"8,99,080",-3.65,0.05,36.62,"2,65,041","-19,334","26,897",
,84,-43,69,43.24,"1,478.45",272.40,65,"1,498.65","1,505.05",65,"24,450.00","54,925",0.05,0.10,"4,77,620",-3.80,0.05,36.67,"1,50,311","-3,339","15,497",
,"1,991",-305,922,-,"1,461.55",89.20,65,"1,448.45","1,454.45",65,"24,500.00",-,-,0.05,"3,39,560",-4.00,0.05,34.34,"8,69,304","-51,063","1,03,314",
,238,-11,22,-,"1,359.25",54.25,520,"1,395.15","1,419.45",845,"24,550.00","2,02,865",0.10,0.15,"71,435",-4.05,0.15,35.18,"1,27,954","-2,674","13,508",
,"1,260",-13,128,-,"1,314.10",47.65,65,"1,350.30","1,354.40",130,"24,600.00","7,65,180",0.10,0.15,"55,315",-4.25,0.10,33.98,"3,60,744","-21,858","35,950",
,385,-39,68,-,"1,265.10",37.20,65,"1,301.20","1,305.25",130,"24,650.00","2,74,690",0.10,0.15,"87,685",-4.45,0.15,32.78,"1,57,066","-2,702","10,427",
,914,-13,63,-,"1,250.00",80.05,65,"1,251.10","1,254.30",130,"24,700.00","13,24,570",0.10,0.15,"10,92,715",-4.75,0.10,32.22,"5,11,735","1,243","59,370",
,628,-40,239,-,"1,212.25",99.70,65,"1,200.35","1,204.45",65,"24,750.00","3,58,865",0.10,0.15,"2,07,090",-5.20,0.10,31.00,"2,65,291","-2,639","22,478",
,"2,111",-560,"1,200",-,"1,153.00",85.70,65,"1,150.90","1,153.65",65,"24,800.00","21,02,490",0.05,0.10,"7,68,300",-5.20,0.05,30.29,"6,21,094","-7,687","64,752",
,531,-27,132,-,"1,077.30",58.65,65,"1,101.15","1,105.35",520,"24,850.00","5,42,620",0.10,0.15,"3,87,270",-5.45,0.10,29.04,"3,39,011","3,270","28,376",
,"1,675","-1,919","3,562",-,"1,052.10",82.10,195,"1,050.35","1,051.90",65,"24,900.00","12,08,675",0.05,0.10,"4,06,445",-5.75,0.10,27.80,"7,80,389","-3,667","58,588",
,450,-251,456,-,"1,003.10",86.00,325,"1,001.30","1,004.25",390,"24,950.00","6,28,030",0.10,0.15,"4,52,400",-6.25,0.10,26.95,"6,07,790","15,232","40,193",
,"7,118","-2,673","8,719",-,951.95,83.25,65,950.50,952.00,975,"25,000.00","14,39,360",0.10,0.15,"9,93,915",-6.45,0.10,25.29,"20,06,469","23,576","2,00,546",
,"1,009",-158,539,-,900.00,79.55,65,901.15,902.90,130,"25,050.00","5,39,825",0.10,0.15,"4,10,020",-6.70,0.10,24.42,"4,60,654","-8,089","20,535",
,"4,737","-1,149","3,343",-,851.25,79.30,260,851.70,853.65,130,"25,100.00","11,88,200",0.10,0.15,"12,77,055",-7.15,0.10,23.14,"10,24,812","22,155","69,363",
,787,-259,821,-,805.05,88.95,65,801.15,803.60,195,"25,150.00","24,96,650",0.05,0.10,"11,79,100",-7.75,0.10,21.86,"7,91,923","26,614","49,399",
,"2,772","-2,751","3,776",-,755.00,85.70,260,751.80,753.45,65,"25,200.00","13,91,520",0.10,0.15,"10,69,380",-8.10,0.10,20.58,"15,26,155","21,071","95,785",
,980,-148,708,-,703.85,83.55,65,701.70,703.35,130,"25,250.00","15,53,370",0.10,0.15,"8,13,930",-8.60,0.10,19.82,"7,78,881","18,054","52,807",
,"6,229","-2,622","6,139",-,650.75,80.40,130,651.45,653.00,65,"25,300.00","16,50,090",0.10,0.15,"16,75,050",-9.20,0.10,18.50,"15,96,389","40,221","1,18,686",
,"1,038",-621,"1,689",-,599.50,77.30,455,601.85,603.40,65,"25,350.00","17,88,475",0.10,0.15,"9,44,840",-9.80,0.15,17.38,"12,14,050",-478,"55,381",
,"5,210","-1,182","6,721",-,553.35,80.55,65,552.10,553.40,195,"25,400.00","21,81,985",0.10,0.15,"15,06,830",-10.65,0.10,15.62,"24,70,073","33,983","1,52,330",
,"1,613","-1,056","3,023",-,500.30,77.35,260,501.70,503.15,260,"25,450.00","11,05,845",0.15,0.20,"12,77,835",-11.80,0.15,14.84,"15,30,179","28,441","1,05,171",
,"17,151","-12,867","55,511",-,452.10,77.50,65,452.00,453.00,780,"25,500.00","21,25,500",0.15,0.20,"14,16,350",-13.05,0.15,13.30,"23,39,464","20,282","1,80,096",
,"8,472","-3,395","13,945",-,402.25,75.15,65,401.65,402.55,195,"25,550.00","21,59,300",0.15,0.20,"7,64,335",-14.60,0.15,12.20,"14,39,990","-20,153","63,542",
,"9,097","-12,408","92,261",-,352.55,74.35,195,351.80,352.65,325,"25,600.00","28,07,285",0.15,0.20,"12,78,485",-16.35,0.15,11.00,"22,57,221","-6,389","1,23,737",
,"7,388","-9,335","75,799",-,301.25,69.50,455,301.95,302.35,130,"25,650.00","24,22,745",0.15,0.20,"14,52,685",-19.05,0.15,9.53,"21,26,146","2,592","81,902",
,"18,438","-25,053","4,40,863",-,252.70,66.15,65,252.10,252.60,65,"25,700.00","18,18,310",0.20,0.25,"15,89,900",-23.90,0.20,8.27,"39,65,789","-6,625","1,52,216",
,"12,726","-14,174","5,84,957",-,201.80,56.45,130,202.20,202.60,780,"25,750.00","17,04,495",0.20,0.25,"12,69,645",-32.15,0.25,6.83,"46,59,196","11,327","1,18,117",
,"54,957","-64,367","30,85,174",-,152.15,44.05,65,152.15,152.35,"30,810","25,800.00","25,29,735",0.20,0.25,"17,71,575",-45.05,0.20,5.66,"1,20,69,809","17,643","2,31,027",
,"61,326","-53,054","53,14,183",-,102.50,24.80,65,102.60,102.75,130,"25,850.00","40,20,640",0.20,0.25,"19,11,910",-64.05,0.20,4.54,"1,91,44,850","1,68,817","2,82,762",
,"2,46,044","69,336","2,25,31,314",-,52.75,-1.85,"2,145",52.60,52.75,260,"25,900.00","70,74,730",0.25,0.30,"52,95,745",-91.05,0.30,4.48,"4,27,18,667","7,09,431","7,71,092",
,"7,12,827","5,94,797","3,96,02,526",2.39,6.80,-30.70,"78,520",6.75,6.80,"33,215","25,950.00","37,700",4.40,4.45,"16,445",-119.85,4.40,5.78,"2,89,12,047","5,96,648","6,14,400",
,"7,27,908","4,32,728","3,30,07,930",3.56,0.50,-26.30,"21,69,765",0.45,0.50,"19,34,400","26,000.00","4,615",48.30,48.40,65,-115.40,48.30,8.35,"1,24,24,009","1,85,882","2,17,615",
,"1,51,598","73,393","1,24,89,085",4.82,0.25,-18.95,"27,90,190",0.25,0.30,"17,76,840","26,050.00","1,235",98.30,98.45,65,-107.75,98.30,11.15,"23,70,861","26,942","29,032",
,"1,92,420","77,196","79,55,306",6.34,0.20,-13.90,"21,37,005",0.20,0.25,"17,83,600","26,100.00",65,148.10,148.40,325,-103.20,148.10,13.63,"13,63,171","11,166","17,674",
,"87,321","36,133","39,23,125",7.61,0.15,-10.85,"34,02,880",0.15,0.20,"12,87,195","26,150.00",390,198.10,198.60,260,-101.10,197.90,15.79,"2,42,439","2,897","3,688",
,"1,40,821","26,323","36,22,597",8.95,0.15,-8.80,"30,48,890",0.15,0.20,"17,66,960","26,200.00",65,247.90,248.45,195,-97.60,248.35,18.23,"2,22,934","1,905","5,094",
,"64,916",973,"17,54,454",10.35,0.15,-7.50,"10,42,470",0.15,0.20,"9,95,800","26,250.00",195,298.00,298.80,325,-96.65,298.50,20.72,"20,610",157,627,
,"1,24,939","24,962","18,81,675",11.43,0.15,-6.35,"35,44,190",0.10,0.15,"20,90,270","26,300.00",325,347.70,348.60,65,-95.05,347.70,22.95,"23,663",-188,"1,562",
,"45,222","1,099","8,48,922",12.76,0.10,-5.65,"11,09,030",0.10,0.15,"10,02,950","26,350.00",65,397.45,398.60,390,-94.20,398.50,25.36,"2,736",-231,363,
,"1,10,299","31,808","14,92,810",13.88,0.05,-4.95,"63,23,135",0.05,0.10,"17,68,455","26,400.00",130,447.35,448.75,390,-94.65,448.65,28.02,"4,041",-165,335,
,"77,320","45,268","9,89,704",15.16,0.05,-4.35,"50,83,845",0.05,0.10,"13,85,020","26,450.00",455,497.10,498.95,130,-91.40,500.55,28.00,892,-51,146,
,"1,73,804","34,279","21,61,038",15.91,0.10,-3.80,"22,41,785",0.10,0.15,"21,14,190","26,500.00",325,548.00,549.15,65,-92.50,548.85,27.98,"10,243","-3,431","1,124",
,"36,448","8,258","7,20,118",17.14,0.05,-3.45,"23,87,775",0.05,0.10,"12,98,700","26,550.00",520,597.00,598.95,65,-54.50,635.00,33.24,198,-21,81,
,"85,555","-28,798","9,11,283",17.61,0.05,-3.15,"49,72,955",0.05,0.10,"14,98,120","26,600.00",325,647.30,648.95,65,-98.85,644.70,31.94,542,-162,271,
,"34,422","6,235","4,46,533",19.19,0.05,-2.80,"34,83,285",0.05,0.10,"8,49,030","26,650.00",390,696.65,699.20,130,-88.95,705.00,30.30,15,-3,29,
,"78,638","-2,260","9,18,171",19.93,0.05,-2.50,"23,31,745",0.05,0.10,"16,96,565","26,700.00",65,747.10,749.45,195,-94.70,746.55,36.29,106,-27,47,
,"29,629","7,242","3,03,985",21.07,0.10,-2.35,"16,24,220",0.05,0.10,"10,45,980","26,750.00",260,796.45,799.45,130,-75.25,810.90,37.52,64,2,20,
,"68,691","-19,202","8,07,945",22.21,0.10,-2.10,"26,73,385",0.05,0.10,"13,57,395","26,800.00",65,847.80,849.65,130,-95.10,845.20,42.80,70,-24,73,
,"16,984","-2,245","1,81,516",23.34,0.05,-2.05,"13,13,520",0.05,0.10,"7,02,390","26,850.00",260,896.10,900.05,390,-75.30,915.75,-,9,-,2,
,"63,885","11,099","4,93,096",23.84,0.05,-2.00,"18,96,115",0.05,0.10,"16,43,655","26,900.00",260,946.85,949.70,65,-78.15,950.00,39.57,10,1,15,
,"28,999","8,786","3,09,010",26.58,0.05,-1.90,"4,83,080",0.05,0.10,"7,90,660","26,950.00",260,996.05,999.90,130,-82.35,"1,012.90",42.65,9,1,6,
,"1,54,751","-81,138","12,17,107",26.01,0.10,-1.90,"52,99,580",0.05,0.10,"20,61,670","27,000.00",65,"1,047.30","1,048.90",390,-91.80,"1,049.75",46.83,286,-89,350,
,"11,363",419,"1,19,318",27.09,0.05,-1.80,"17,420",0.05,0.10,"2,29,320","27,050.00",65,"1,093.10","1,100.95",130,-75.00,"1,115.00",51.46,1,-,5,
,"31,844","-7,917","2,19,772",28.89,0.05,-1.65,"18,50,030",0.05,0.10,"11,68,830","27,100.00",65,"1,143.80","1,149.65",65,-86.65,"1,160.00",57.48,1,-,11,
,"8,632","-1,282","82,494",29.24,0.05,-1.60,"1,26,165",0.05,0.10,"1,69,325","27,150.00",65,"1,177.95","1,200.40",65,-80.00,"1,215.00",58.24,1,-,31,
,"31,970","-9,383","4,63,310",29.30,0.05,-1.60,-,-,0.05,"1,11,410","27,200.00",65,"1,237.40","1,251.45",260,-71.95,"1,265.00",54.08,1,-,8,
,"5,775","-1,392","44,968",32.15,0.05,-1.50,"85,540",0.05,0.10,"31,915","27,250.00",65,"1,292.95","1,300.60",130,-47.90,"1,349.45",64.43,2,-1,66,
,"14,611","-6,057","75,039",33.23,0.05,-1.40,"9,26,900",0.05,0.10,"1,72,640","27,300.00",65,"1,341.70","1,351.85",130,-83.15,"1,352.65",59.97,1,-,159,
,"6,776",-589,"18,719",32.37,0.05,-1.50,"2,69,815",0.05,0.10,"62,335","27,350.00",65,"1,394.85","1,403.85",65,-173.70,"1,391.90",-,4,-,7,
,"11,572","-5,929","44,656",33.39,0.05,-1.30,"1,30,325",0.05,0.10,"2,05,335","27,400.00",65,"1,444.20","1,449.90",130,-97.00,"1,450.00",60.74,22,-1,212,
,"4,617",414,"30,101",37.15,0.05,-1.30,"1,27,660",0.05,0.10,"46,930","27,450.00",65,"1,475.35","1,511.45",65,-,-,-,-,-,8,
,"48,487","-10,673","2,05,388",36.58,0.05,-1.25,-,-,0.05,"2,11,120","27,500.00",65,"1,546.40","1,550.90",195,-86.05,"1,560.00",63.60,34,-7,34,
,"3,734","-1,775","19,387",37.62,0.05,-1.25,"69,030",0.05,0.10,"47,190","27,550.00",65,"1,581.45","1,611.80",65,-,-,115.46,-,-,6,
,"17,995","-4,790","57,432",39.59,0.10,-1.10,"1,95,000",0.10,0.15,"1,29,545","27,600.00",65,"1,463.70","1,653.80",130,-169.55,"1,685.00",66.52,4,-,5,
,"4,069",-633,"20,530",39.67,0.10,-1.00,"1,02,050",0.05,0.10,"41,405","27,650.00",65,"1,652.35","1,712.55",65,-,-,-,-,-,6,
,"19,118",-346,"34,803",40.69,0.05,-1.10,"7,70,900",0.05,0.10,"2,32,895","27,700.00",65,"1,706.45","1,760.65",195,-,-,-,-,-,6,
,"4,301",654,"19,342",41.70,0.10,-1.00,"8,61,380",0.05,0.10,"39,065","27,750.00",65,"1,791.90","1,808.55",65,-88.75,"1,796.25",-,1,-,5,
,"22,440","-3,075","50,640",42.71,0.05,-1.05,"9,59,075",0.05,0.10,"2,22,950","27,800.00",65,"1,840.20","1,853.60",195,-369.00,"1,861.00",-,3,-1,11,
,"6,307","-1,283","20,557",43.72,0.05,-0.95,"85,605",0.05,0.10,"61,360","27,850.00",65,"1,881.65","1,912.10",195,-,-,-,-,-,5,
,"29,371","-10,214","1,00,164",44.72,0.10,-0.95,"7,31,575",0.05,0.10,"5,57,310","27,900.00",65,"1,940.20","1,951.80",65,-51.70,"1,991.15",81.22,4,-2,14,
,"43,633","-9,270","1,47,115",45.72,0.10,-0.95,"12,32,725",0.05,0.10,"4,34,980","27,950.00",65,"1,977.35","2,016.45",845,-,-,-,-,-,8,
Total,"40,13,165",,"15,00,48,670",,,,,,,,,,,,,,,,"15,71,85,920",,"46,78,102","