symbol,price,confidence,suggested_option,option_price,option_value,regime,model_accuracy,model_coverage,dropped_features,leakage_flags
SAMMAANCAP,147.0,0.8352954545454545,CALL,0.0,0.0,low,0.88,1.0,10,
HCLTECH,1569.0,0.7975,CALL,0.0,0.0,low,0.88,1.0,10,
^CNXPHARMA,22188.55078125,0.7952941176470588,CALL,0.0,0.0,low,0.96,1.0,10,
^CNXPSUBANK,9147.75,0.7915821256038648,CALL,0.0,0.0,low,0.92,1.0,10,
RVNL,319.5,0.7728571428571428,CALL,0.0,0.0,low,0.88,1.0,10,
PREMIERENE,822.0999755859375,0.7636805555555556,CALL,0.0,0.0,low,0.96,1.0,9,
^NSEI,25916.80078125,0.763125,CALL,0.0,0.0,low,0.96,1.0,11,
^CNXFMCG,52084.94921875,0.76,CALL,0.0,0.0,low,0.96,1.0,10,
HDFCAMC,1569.0,0.7570588235294118,CALL,0.0,0.0,low,0.875,0.96,12,
WIPRO,231.47999572753906,0.73625,CALL,0.0,0.0,low,0.96,1.0,10,
SRF,2951.0,0.669198717948718,CALL,0.0,0.0,low,0.92,1.0,9,
DABUR,4418.2998046875,0.6646688034188034,CALL,0.0,0.0,low,0.96,1.0,9,
CUMMINSIND,4418.2998046875,0.6646688034188034,CALL,0.0,0.0,low,0.96,1.0,9,
TRENT,4176.0,0.6559375,CALL,0.0,0.0,low,0.96,1.0,10,
SIEMENS,3114.39990234375,0.6474107142857143,CALL,0.0,0.0,low,0.92,1.0,9,
^CNXAUTO,28173.75,0.6325,CALL,0.0,0.0,low,0.96,1.0,10,
AUROPHARMA,1131.0,0.63,CALL,0.0,0.0,low,0.96,1.0,9,
ADANIGREEN,2228.39990234375,0.5832727272727273,CALL,0.0,0.0,low,1.0,0.96,7,
ADANIENT,2228.39990234375,0.5832727272727273,CALL,0.0,0.0,low,1.0,0.96,7,
GRASIM,1820.800048828125,0.5551923076923078,CALL,0.0,0.0,low,1.0,0.96,9,
GODREJPROP,1820.800048828125,0.5551923076923078,CALL,0.0,0.0,low,1.0,0.96,9,
ZYDUSLIFE,887.0,0.555,CALL,0.0,0.0,low,1.0,0.96,9,
PGEL,602.1500244140625,0.5307142857142857,NEUTRAL,0.0,0.0,low,1.0,0.92,9,
SBIN,1143.0,0.529198717948718,NEUTRAL,0.0,0.0,low,1.0,0.92,9,
GLENMARK,164.3000030517578,0.5258190883190883,NEUTRAL,0.0,0.0,low,1.0,0.92,14,
GAIL,164.3000030517578,0.5258190883190883,NEUTRAL,0.0,0.0,low,1.0,0.92,14,
NIFTY 50,,0.52,NEUTRAL,0.0,0.0,low,0.0,0.0,0,
KOTAKBANK,1023.2999877929688,0.5145833333333333,NEUTRAL,0.0,0.0,low,1.0,0.96,9,
KFINTECH,1023.2999877929688,0.5145833333333333,NEUTRAL,0.0,0.0,low,1.0,0.96,9,
POWERINDIA,22391.0,0.5138232323232323,NEUTRAL,0.0,0.0,low,1.0,0.92,9,
RELIANCE,1458.5,0.5021428571428571,NEUTRAL,0.0,0.0,low,1.0,0.96,9,
CAMS,742.5999755859375,0.4925,NEUTRAL,0.0,0.0,low,1.0,0.96,9,
INDUSINDBK,4959.2001953125,0.48145476190476183,NEUTRAL,0.0,0.0,low,1.0,0.96,12,
INDIGO,4959.2001953125,0.48145476190476183,NEUTRAL,0.0,0.0,low,1.0,0.96,12,
PIIND,3190.60009765625,0.46795454545454546,NEUTRAL,0.0,0.0,low,1.0,0.96,9,
PNBHOUSING,855.0,0.4630654761904762,NEUTRAL,0.0,0.0,low,1.0,0.96,10,
ABCAPITAL,353.54998779296875,0.46166666666666667,NEUTRAL,0.0,0.0,low,1.0,0.96,12,
ADANIENSOL,353.54998779296875,0.46166666666666667,NEUTRAL,0.0,0.0,low,1.0,0.96,12,
DLF,671.7999877929688,0.455,NEUTRAL,0.0,0.0,low,1.0,0.96,9,
DMART,671.7999877929688,0.455,NEUTRAL,0.0,0.0,low,1.0,0.96,9,
ANGELONE,2783.0,0.45,PUT,0.0,0.0,low,1.0,0.96,12,
APLAPOLLO,2783.0,0.45,PUT,0.0,0.0,low,1.0,0.96,12,
RBLBANK,305.04998779296875,0.44517361111111114,PUT,0.0,0.0,low,1.0,0.96,10,
TATATECH,2983.0,0.4445535714285714,PUT,0.0,0.0,low,1.0,0.92,9,
TCS,2983.0,0.4445535714285714,PUT,0.0,0.0,low,1.0,0.92,9,
IOC,110.8499984741211,0.43722222222222223,PUT,0.0,0.0,low,1.0,0.96,10,
INOXWIND,110.8499984741211,0.43722222222222223,PUT,0.0,0.0,low,1.0,0.96,10,
CHOLAFIN,1726.199951171875,0.43666666666666665,PUT,0.0,0.0,low,1.0,0.96,10,
CGPOWER,1726.199951171875,0.43666666666666665,PUT,0.0,0.0,low,1.0,0.96,10,
SUZLON,3690.699951171875,0.4225,PUT,0.0,0.0,low,1.0,0.96,9,
SUPREMEIND,3690.699951171875,0.4225,PUT,0.0,0.0,low,1.0,0.96,9,
GMRAIRPORT,97.69999694824219,0.4217095588235294,PUT,0.0,0.0,low,1.0,0.96,8,
GODREJCP,97.69999694824219,0.4217095588235294,PUT,0.0,0.0,low,1.0,0.96,7,
BPCL,386.0,0.415,PUT,0.0,0.0,low,1.0,0.96,8,
MAZDOCK,1021.7000122070312,0.4025,PUT,0.0,0.0,low,1.0,0.96,8,
MAXHEALTH,1021.7000122070312,0.4025,PUT,0.0,0.0,low,1.0,0.96,8,
CDSL,1400.0,0.401,PUT,0.0,0.0,low,1.0,0.92,9,
HUDCO,617.0,0.4,PUT,0.0,0.0,low,1.0,1.0,9,
HINDZINC,617.0,0.4,PUT,0.0,0.0,low,1.0,1.0,9,
TIINDIA,2444.9,0.3879166666666667,PUT,51.55,2034.0,low,1.0,1.0,12,
TECHM,1644.5999755859375,0.3879166666666667,PUT,0.0,0.0,low,1.0,1.0,12,
PAYTM,1160.0,0.3875,PUT,0.0,0.0,low,1.0,1.0,9,
KEI,3955.0,0.379810606060606,PUT,0.0,0.0,low,1.0,1.0,9,
KAYNES,3955.0,0.379810606060606,PUT,0.0,0.0,low,1.0,1.0,9,
OBEROIRLTY,1569.4000244140625,0.3775,PUT,0.0,0.0,low,1.0,1.0,9,
TATASTEEL,207.85,0.375,PUT,3.8,3437.0,low,1.0,1.0,10,
^CNXFIN,30734.849609375,0.37437271062271066,PUT,0.0,0.0,low,1.0,1.0,10,
^NSEBANK,60568.25,0.3692827380952381,PUT,0.0,0.0,low,1.0,1.0,10,
LUPIN,3675.800048828125,0.3575,PUT,0.0,0.0,low,1.0,1.0,9,
M&M,3675.800048828125,0.3575,PUT,0.0,0.0,low,1.0,1.0,9,
PHOENIXLTD,1758.699951171875,0.3565625,PUT,0.0,0.0,low,1.0,1.0,9,
^CNXINFRA,9629.2998046875,0.3428333333333333,PUT,0.0,0.0,low,1.0,1.0,10,
^CNXREALTY,848.7000122070312,0.34,PUT,0.0,0.0,low,1.0,1.0,10,
VOLTAS,1479.9000244140625,0.3375,PUT,0.0,0.0,low,1.0,1.0,9,
EXIDEIND,303.79998779296875,0.335,PUT,0.0,0.0,low,1.0,1.0,13,
ETERNAL,303.85,0.335,PUT,10.9,3425.0,low,1.0,1.0,13,
UNIONBANK,179.25999450683594,0.33233333333333337,PUT,0.0,0.0,low,1.0,1.0,10,
MPHASIS,129.42999267578125,0.32,PUT,0.0,0.0,low,1.0,0.96,13,
MOTHERSON,129.8,0.32,PUT,4.01,2324.0,low,1.0,0.96,13,
HDFCLIFE,932.4000244140625,0.31045833333333334,PUT,0.0,0.0,low,1.0,1.0,13,
HDFCBANK,932.4000244140625,0.31045833333333334,PUT,0.0,0.0,low,1.0,1.0,13,
MFSL,2470.699951171875,0.31,PUT,0.0,0.0,low,1.0,1.0,12,
MCX,2470.699951171875,0.31,PUT,0.0,0.0,low,1.0,1.0,12,
UNITDSPR,1409.9000244140625,0.31,PUT,0.0,0.0,low,1.0,1.0,10,
ONGC,272.1499938964844,0.30844827586206897,PUT,0.0,0.0,low,1.0,0.88,7,
TORNTPHARM,4079.60009765625,0.305771744595274,PUT,0.0,0.0,low,1.0,1.0,13,
HEROMOTOCO,5753.5,0.305,PUT,0.0,0.0,low,1.0,1.0,8,
HINDALCO,5753.5,0.305,PUT,0.0,0.0,low,1.0,1.0,7,
PPLPHARMA,163.4199981689453,0.305,PUT,0.0,0.0,low,1.0,1.0,10,
JSWENERGY,482.0,0.3025,PUT,0.0,0.0,low,1.0,0.92,13,
JSWSTEEL,482.0,0.3025,PUT,0.0,0.0,low,1.0,0.92,13,
OIL,483.8500061035156,0.2975,PUT,0.0,0.0,low,1.0,1.0,10,
SUNPHARMA,1707.800048828125,0.2964116318464145,PUT,0.0,0.0,low,1.0,1.0,7,
LICHSGFIN,522.5499877929688,0.29280605158730155,PUT,0.0,0.0,low,1.0,1.0,12,
LICI,522.5499877929688,0.29280605158730155,PUT,0.0,0.0,low,1.0,1.0,12,
PERSISTENT,5872.5,0.29235119047619046,PUT,0.0,0.0,low,1.0,1.0,9,
PRESTIGE,1591.699951171875,0.29,PUT,0.0,0.0,low,1.0,1.0,9,
TVSMOTOR,3756.60009765625,0.28350000000000003,PUT,0.0,0.0,low,1.0,0.96,9,
KALYANKJIL,555.0,0.2825,PUT,0.0,0.0,low,1.0,1.0,9,
JUBLFOOD,555.0,0.2825,PUT,0.0,0.0,low,1.0,1.0,9,
POLICYBZR,1504.5999755859375,0.2795087719298246,PUT,0.0,0.0,low,1.0,1.0,9,
SONACOMS,530.5,0.27875,PUT,0.0,0.0,low,1.0,1.0,9,
SOLARINDS,13423.0,0.2758877995642701,PUT,0.0,0.0,low,1.0,0.96,9,
ASIANPAINT,2397.39990234375,0.2675,PUT,0.0,0.0,low,1.0,0.96,9,
CROMPTON,513.5999755859375,0.265,PUT,0.0,0.0,low,1.0,1.0,14,
BOSCHLTD,1948.300048828125,0.26453839869281043,PUT,0.0,0.0,low,1.0,1.0,9,
BLUESTARCO,1948.300048828125,0.26453839869281043,PUT,0.0,0.0,low,1.0,1.0,9,
SYNGENE,354.3999938964844,0.2625,PUT,0.0,0.0,low,1.0,0.92,13,
SWIGGY,354.1,0.2625,PUT,12.6,591.0,low,1.0,0.92,13,
CONCOR,513.5999755859375,0.2623684210526316,PUT,0.0,0.0,low,1.0,1.0,10,
DRREDDY,1256.0,0.260625,PUT,0.0,0.0,low,1.0,1.0,13,
EICHERMOT,1256.0,0.260625,PUT,0.0,0.0,low,1.0,1.0,13,
NHPC,76.9000015258789,0.26,PUT,0.0,0.0,low,1.0,0.92,10,
NESTLEIND,76.9000015258789,0.26,PUT,0.0,0.0,low,1.0,0.92,10,
PAGEIND,34650.0,0.2592347953216374,PUT,0.0,0.0,low,1.0,1.0,9,
IEX,126.01000213623047,0.25875,PUT,0.0,0.0,low,1.0,1.0,10,
IDFCFIRSTB,126.01000213623047,0.25875,PUT,0.0,0.0,low,1.0,1.0,10,
^CNXIT,35684.55078125,0.2575638227513227,PUT,0.0,0.0,low,1.0,0.96,10,
BAJAJHLDNG,11081.0,0.25605113636363636,PUT,0.0,0.0,low,1.0,0.96,9,
FORTIS,891.5,0.255625,PUT,0.0,0.0,low,1.0,1.0,9,
FEDERALBNK,891.5,0.255625,PUT,0.0,0.0,low,1.0,1.0,9,
TMPV,4293.7998046875,0.255,PUT,0.0,0.0,low,1.0,1.0,9,
TITAN,4293.7998046875,0.255,PUT,0.0,0.0,low,1.0,1.0,9,
UPL,746.0,0.2524,PUT,0.0,0.0,low,1.0,1.0,9,
CANBK,146.85000610351562,0.25053571428571425,PUT,0.0,0.0,low,1.0,1.0,10,
PIDILITIND,1479.0,0.24708333333333335,PUT,0.0,0.0,low,1.0,1.0,9,
INDIANB,702.0,0.24375,PUT,0.0,0.0,low,1.0,1.0,12,
INDHOTEL,702.0,0.24375,PUT,0.0,0.0,low,1.0,1.0,12,
MUTHOOTFIN,3888.0,0.24275,PUT,114.25,1663.0,low,1.0,1.0,12,
NATIONALUM,3882.0,0.24275,PUT,0.0,0.0,low,1.0,1.0,12,
NMDC,85.08999633789062,0.2425,PUT,0.0,0.0,low,1.0,1.0,10,
AXISBANK,1355.0999755859375,0.24,PUT,0.0,0.0,low,1.0,1.0,9,
360ONE,1161.0,0.23975609756097563,PUT,0.0,0.0,low,1.0,1.0,9,
ABB,1161.0,0.23975609756097563,PUT,0.0,0.0,low,1.0,1.0,9,
ASHOKLEY,7219.0,0.23911764705882355,PUT,0.0,0.0,low,1.0,0.92,9,
APOLLOHOSP,7219.0,0.23911764705882355,PUT,0.0,0.0,low,1.0,0.92,9,
BEL,1300.0,0.22403571428571428,PUT,0.0,0.0,low,1.0,1.0,9,
BDL,1300.0,0.22403571428571428,PUT,0.0,0.0,low,1.0,1.0,9,
LTIM,294.0,0.22334111721611724,PUT,0.0,0.0,low,1.0,1.0,13,
LTF,294.0,0.22334111721611724,PUT,0.0,0.0,low,1.0,1.0,13,
AUBANK,1001.1500244140625,0.2225,PUT,0.0,0.0,low,1.0,1.0,10,
PNB,122.91999816894531,0.2225,PUT,0.0,0.0,low,1.0,1.0,10,
BANKINDIA,289.54998779296875,0.22203065134099617,PUT,0.0,0.0,low,1.0,1.0,13,
BANKBARODA,289.54998779296875,0.22203065134099617,PUT,0.0,0.0,low,1.0,1.0,13,
PFC,413.8999938964844,0.2177083333333333,PUT,0.0,0.0,low,1.0,1.0,8,
BHEL,275.6499938964844,0.2125,PUT,0.0,0.0,low,1.0,1.0,10,
IREDA,635.4000244140625,0.2075,PUT,0.0,0.0,low,1.0,1.0,10,
IRCTC,635.4000244140625,0.2075,PUT,0.0,0.0,low,1.0,1.0,10,
BAJAJFINSV,2027.9000244140625,0.20659926470588236,PUT,0.0,0.0,low,1.0,1.0,9,
VEDL,687.2999877929688,0.2065,PUT,0.0,0.0,low,1.0,0.96,9,
BHARTIARTL,2009.0,0.20536904761904762,PUT,0.0,0.0,low,1.0,1.0,9,
HINDPETRO,461.70001220703125,0.20535714285714285,PUT,0.0,0.0,low,1.0,1.0,7,
HINDUNILVR,461.70001220703125,0.20535714285714285,PUT,0.0,0.0,low,1.0,1.0,7,
DELHIVERY,2191.39990234375,0.205,PUT,0.0,0.0,low,1.0,1.0,9,
DALBHARAT,2191.39990234375,0.205,PUT,0.0,0.0,low,1.0,1.0,9,
SBICARD,765.9000244140625,0.20018382352941178,PUT,0.0,0.0,low,1.0,1.0,10,
AMBER,7486.5,0.2,PUT,535.0,657.0,low,1.0,1.0,9,
AMBUJACEM,7490.0,0.2,PUT,0.0,0.0,low,1.0,1.0,9,
POLYCAB,7742.5,0.1984027777777778,PUT,0.0,0.0,low,1.0,0.92,9,
TATAELXSI,5380.5,0.195,PUT,66.0,1845.0,low,1.0,1.0,9,
TATACONSUM,5380.5,0.195,PUT,0.0,0.0,low,1.0,1.0,9,
TATAPOWER,369.29998779296875,0.19265151515151516,PUT,0.0,0.0,low,1.0,1.0,13,
SHREECEM,26455.0,0.1925,PUT,0.0,0.0,low,1.0,1.0,9,
PETRONET,303.70001220703125,0.1902083333333333,PUT,0.0,0.0,low,1.0,1.0,10,
HAL,1371.0,0.1875,PUT,0.0,0.0,low,1.0,1.0,9,
HAVELLS,1371.0,0.1875,PUT,0.0,0.0,low,1.0,1.0,9,
DIXON,6153.0,0.1859375,PUT,0.0,0.0,low,1.0,1.0,12,
DIVISLAB,6153.0,0.1859375,PUT,0.0,0.0,low,1.0,1.0,12,
BIOCON,371.0,0.185,PUT,0.0,0.0,low,1.0,1.0,9,
COALINDIA,1341.0,0.18125,PUT,0.0,0.0,low,1.0,0.96,9,
CIPLA,1341.0,0.18125,PUT,0.0,0.0,low,1.0,0.96,9,
POWERGRID,294.3500061035156,0.18125,PUT,0.0,0.0,low,1.0,1.0,9,
PATANJALI,520.9000244140625,0.18083333333333335,PUT,0.0,0.0,low,1.0,1.0,9,
BAJAJ-AUTO,9763.5,0.18,PUT,0.0,0.0,low,1.0,1.0,9,
ASTRAL,1530.0,0.18,PUT,0.0,0.0,low,1.0,1.0,10,
ULTRACEMCO,13023.0,0.1775,PUT,0.0,0.0,low,1.0,1.0,9,
IDEA,643.0,0.17614285714285713,PUT,0.0,0.0,low,1.0,0.92,9,
ICICIPRULI,643.0,0.17614285714285713,PUT,0.0,0.0,low,1.0,0.92,9,
BHARATFORG,1614.0,0.17375,PUT,0.0,0.0,low,1.0,1.0,10,
ITC,115.22000122070312,0.17116666666666666,PUT,0.0,0.0,low,1.0,1.0,10,
IRFC,115.22000122070312,0.17116666666666666,PUT,0.0,0.0,low,1.0,1.0,10,
NUVAMA,1377.4000244140625,0.16902777777777778,PUT,0.0,0.0,low,1.0,1.0,9,
NBCC,1194.300048828125,0.16891666666666666,PUT,0.0,0.0,low,1.0,0.96,12,
BSE,3172.0,0.165,PUT,95.2,3582.0,low,0.96,1.0,9,
MARICO,762.5999755859375,0.16260651629072684,PUT,0.0,0.0,low,1.0,1.0,10,
MARUTI,762.5999755859375,0.16260651629072684,PUT,0.0,0.0,low,1.0,1.0,10,
UNOMINDA,1231.4000244140625,0.1625,PUT,0.0,0.0,low,0.96,1.0,9,
KPITTECH,973.5999755859375,0.1621153846153846,PUT,0.0,0.0,low,1.0,1.0,10,
LAURUSLABS,973.5999755859375,0.1621153846153846,PUT,0.0,0.0,low,1.0,1.0,10,
INDUSTOWER,458.8999938964844,0.16149999999999998,PUT,0.0,0.0,low,1.0,0.96,9,
INFY,458.8999938964844,0.16149999999999998,PUT,0.0,0.0,low,1.0,0.96,9,
ICICIGI,1909.5999755859375,0.1605,PUT,0.0,0.0,low,1.0,1.0,9,
ICICIBANK,1909.5999755859375,0.1605,PUT,0.0,0.0,low,1.0,1.0,9,
SBILIFE,2018.300048828125,0.16,PUT,0.0,0.0,low,1.0,1.0,9,
LODHA,1095.0,0.155,PUT,0.0,0.0,low,1.0,1.0,10,
TORNTPOWER,1486.0,0.155,PUT,38.0,738.0,low,0.96,1.0,9,
LT,1095.0,0.155,PUT,0.0,0.0,low,1.0,1.0,10,
SHRIRAMFIN,1048.5999755859375,0.14875,PUT,0.0,0.0,low,1.0,1.0,9,
NYKAA,281.1000061035156,0.14712121212121212,PUT,0.0,0.0,low,1.0,1.0,9,
RECLTD,355.79998779296875,0.14403846153846153,PUT,0.0,0.0,low,1.0,1.0,10,
VBL,456.5,0.142,PUT,0.0,0.0,low,1.0,1.0,9,
BANDHANBNK,965.1500244140625,0.13953703703703704,PUT,0.0,0.0,low,1.0,1.0,9,
BAJFINANCE,965.1500244140625,0.13953703703703704,PUT,0.0,0.0,low,1.0,1.0,9,
YESBANK,21.420000076293945,0.13916666666666666,PUT,0.0,0.0,low,1.0,1.0,10,
^CNXMEDIA,1482.0,0.135,PUT,0.0,0.0,low,1.0,1.0,10,
BRITANNIA,5873.5,0.1326388888888889,PUT,0.0,0.0,low,1.0,1.0,9,
COLPAL,1555.0,0.13143028846153848,PUT,0.0,0.0,low,1.0,1.0,9,
COFORGE,1555.0,0.13143028846153848,PUT,0.0,0.0,low,1.0,1.0,9,
NAUKRI,1194.300048828125,0.13,PUT,0.0,0.0,low,1.0,0.96,9,
^CNXENERGY,36601.1015625,0.12694444444444444,PUT,0.0,0.0,low,1.0,0.96,10,
ALKEM,1554.699951171875,0.12412731481481483,PUT,0.0,0.0,low,0.9583333333333334,0.96,13,
ADANIPORTS,1554.699951171875,0.12412731481481483,PUT,0.0,0.0,low,0.9583333333333334,0.96,13,
OFSS,7330.0,0.12,PUT,0.0,0.0,low,1.0,1.0,9,
NTPC,366.95001220703125,0.11586904761904762,PUT,0.0,0.0,low,0.96,1.0,9,
SAIL,160.99000549316406,0.1125,PUT,0.0,0.0,low,1.0,1.0,10,
JIOFIN,1190.0,0.10083333333333332,PUT,0.0,0.0,low,1.0,1.0,9,
JINDALSTEL,1190.0,0.10083333333333332,PUT,0.0,0.0,low,1.0,1.0,9,
MANAPPURAM,308.95001220703125,0.1,PUT,0.0,0.0,low,1.0,1.0,9,
MANKIND,308.95001220703125,0.1,PUT,0.0,0.0,low,1.0,1.0,9,
^CNXMETAL,12214.9501953125,0.08916666666666667,PUT,0.0,0.0,low,0.92,1.0,10,
WAAREEENER,3163.800048828125,0.0825,PUT,0.0,0.0,low,1.0,1.0,9,
